Timp sistem,octeti specifici (Wh)
14:46:06.155,0000004200 Wh
14:46:06.820,0000004200 Wh
14:46:07.833,0000004200 Wh
14:46:08.816,0000004200 Wh
14:46:09.836,0000004200 Wh
14:46:11.153,0000004200 Wh
14:46:11.836,0000004200 Wh
14:46:12.835,0000004200 Wh
14:46:13.845,0000004200 Wh
14:46:14.843,0000004200 Wh
14:46:16.163,0000004200 Wh
14:46:16.839,0000004200 Wh
14:46:17.848,0000004200 Wh
14:46:18.847,0000004200 Wh
14:46:19.842,0000004200 Wh
14:46:21.168,0000004200 Wh
14:46:21.848,0000004200 Wh
14:46:22.844,0000004200 Wh
14:46:23.860,0000004200 Wh
14:46:24.864,0000004200 Wh
14:46:26.189,0000004201 Wh
14:46:26.867,0000004201 Wh
14:46:27.863,0000004201 Wh
14:46:28.859,0000004201 Wh
14:46:29.854,0000004201 Wh
14:46:31.192,0000004201 Wh
14:46:31.876,0000004201 Wh
14:46:32.871,0000004201 Wh
14:46:33.870,0000004201 Wh
14:46:34.881,0000004201 Wh
14:46:36.194,0000004201 Wh
14:46:36.883,0000004201 Wh
14:46:37.887,0000004201 Wh
14:46:38.882,0000004201 Wh
14:46:39.895,0000004201 Wh
14:46:41.194,0000004201 Wh
14:46:41.890,0000004201 Wh
14:46:42.902,0000004201 Wh
14:46:43.884,0000004201 Wh
14:46:44.894,0000004201 Wh
14:46:46.205,0000004201 Wh
14:46:46.900,0000004201 Wh
14:46:47.909,0000004201 Wh
14:46:48.893,0000004201 Wh
14:46:49.908,0000004201 Wh
14:46:51.237,0000004201 Wh
14:46:51.901,0000004201 Wh
14:46:52.912,0000004201 Wh
14:46:53.905,0000004201 Wh
14:46:54.914,0000004201 Wh
14:46:56.242,0000004201 Wh
14:46:56.906,0000004201 Wh
14:46:57.916,0000004201 Wh
14:46:58.911,0000004201 Wh
14:46:59.922,0000004201 Wh
14:47:01.251,0000004201 Wh
14:47:01.916,0000004201 Wh
14:47:02.926,0000004201 Wh
14:47:03.937,0000004201 Wh
14:47:04.918,0000004201 Wh
14:47:06.243,0000004201 Wh
14:47:06.924,0000004201 Wh
14:47:07.933,0000004201 Wh
14:47:08.941,0000004201 Wh
14:47:09.933,0000004201 Wh
14:47:11.265,0000004201 Wh
14:47:11.936,0000004201 Wh
14:47:12.937,0000004201 Wh
14:47:13.949,0000004201 Wh
14:47:14.943,0000004201 Wh
14:47:16.272,0000004201 Wh
14:47:16.952,0000004201 Wh
14:47:17.948,0000004201 Wh
14:47:18.947,0000004201 Wh
14:47:19.961,0000004201 Wh
14:47:21.291,0000004201 Wh
14:47:21.957,0000004201 Wh
14:47:22.950,0000004201 Wh
14:47:23.959,0000004201 Wh
14:47:24.968,0000004201 Wh
14:47:26.298,0000004201 Wh
14:47:26.963,0000004201 Wh
14:47:27.954,0000004201 Wh
14:47:28.965,0000004201 Wh
14:47:29.975,0000004201 Wh
14:47:31.304,0000004201 Wh
14:47:31.981,0000004201 Wh
14:47:32.988,0000004201 Wh
14:47:33.974,0000004201 Wh
14:47:34.986,0000004201 Wh
14:47:36.312,0000004201 Wh
14:47:36.986,0000004201 Wh
14:47:37.986,0000004201 Wh
14:47:38.998,0000004201 Wh
14:47:39.991,0000004201 Wh
14:47:41.320,0000004201 Wh
14:47:41.993,0000004201 Wh
14:47:42.995,0000004201 Wh
14:47:44.006,0000004201 Wh
14:47:45.002,0000004201 Wh
14:47:46.326,0000004201 Wh
14:47:46.991,0000004201 Wh
14:47:48.010,0000004201 Wh
14:47:48.989,0000004201 Wh
14:47:50.344,0000004201 Wh
14:47:51.007,0000004201 Wh
14:47:52.004,0000004201 Wh
14:47:53.017,0000004201 Wh
14:47:54.012,0000004201 Wh
14:47:55.006,0000004201 Wh
14:47:56.348,0000004201 Wh
14:47:57.010,0000004201 Wh
14:47:58.023,0000004201 Wh
14:47:59.032,0000004201 Wh
14:48:00.013,0000004201 Wh
14:48:01.338,0000004201 Wh
14:48:02.033,0000004201 Wh
14:48:03.027,0000004201 Wh
14:48:04.040,0000004201 Wh
14:48:05.032,0000004201 Wh
14:48:06.349,0000004201 Wh
14:48:07.046,0000004201 Wh
14:48:08.030,0000004201 Wh
14:48:09.040,0000004201 Wh
14:48:10.038,0000004201 Wh
14:48:11.352,0000004201 Wh
14:48:12.046,0000004201 Wh
14:48:13.041,0000004201 Wh
14:48:14.053,0000004201 Wh
14:48:15.047,0000004201 Wh
14:48:16.364,0000004201 Wh
14:48:17.060,0000004201 Wh
14:48:18.040,0000004201 Wh
14:48:19.054,0000004201 Wh
14:48:20.065,0000004201 Wh
14:48:21.391,0000004201 Wh
14:48:22.057,0000004201 Wh
14:48:23.065,0000004201 Wh
14:48:24.057,0000004201 Wh
14:48:25.070,0000004201 Wh
14:48:26.396,0000004201 Wh
14:48:27.076,0000004201 Wh
14:48:28.083,0000004201 Wh
14:48:29.072,0000004201 Wh
14:48:30.082,0000004201 Wh
14:48:31.407,0000004201 Wh
14:48:32.074,0000004201 Wh
14:48:33.085,0000004201 Wh
14:48:34.080,0000004201 Wh
14:48:35.087,0000004201 Wh
14:48:36.405,0000004201 Wh
14:48:37.082,0000004201 Wh
14:48:38.092,0000004201 Wh
14:48:39.104,0000004201 Wh
14:48:40.097,0000004201 Wh
14:48:41.410,0000004201 Wh
14:48:42.089,0000004201 Wh
14:48:43.099,0000004201 Wh
14:48:44.112,0000004201 Wh
14:48:45.091,0000004201 Wh
14:48:46.432,0000004201 Wh
14:48:47.112,0000004201 Wh
14:48:48.110,0000004201 Wh
14:48:49.119,0000004201 Wh
14:48:50.113,0000004201 Wh
14:48:51.437,0000004201 Wh
14:48:52.118,0000004201 Wh
14:48:53.112,0000004201 Wh
14:48:54.126,0000004202 Wh
14:48:55.134,0000004202 Wh
14:48:56.450,0000004202 Wh
14:48:57.129,0000004202 Wh
14:48:58.121,0000004202 Wh
14:48:59.133,0000004202 Wh
14:49:00.140,0000004202 Wh
14:49:01.469,0000004202 Wh
14:49:02.141,0000004202 Wh
14:49:03.144,0000004202 Wh
14:49:04.137,0000004202 Wh
14:49:05.147,0000004202 Wh
14:49:06.471,0000004202 Wh
14:49:07.145,0000004202 Wh
14:49:08.144,0000004202 Wh
14:49:09.138,0000004202 Wh
14:49:10.150,0000004202 Wh
14:49:11.480,0000004202 Wh
14:49:12.142,0000004202 Wh
14:49:13.153,0000004202 Wh
14:49:14.163,0000004202 Wh
14:49:15.159,0000004202 Wh
14:49:16.491,0000004202 Wh
14:49:17.159,0000004202 Wh
14:49:18.167,0000004202 Wh
14:49:19.148,0000004202 Wh
14:49:20.157,0000004202 Wh
14:49:21.497,0000004202 Wh
14:49:22.159,0000004202 Wh
14:49:23.168,0000004202 Wh
14:49:24.160,0000004202 Wh
14:49:25.173,0000004202 Wh
14:49:26.501,0000004202 Wh
14:49:27.167,0000004202 Wh
14:49:28.176,0000004202 Wh
14:49:29.189,0000004202 Wh
14:49:30.182,0000004202 Wh
14:49:31.508,0000004202 Wh
14:49:32.189,0000004202 Wh
14:49:33.187,0000004202 Wh
14:49:34.198,0000004202 Wh
14:49:35.190,0000004202 Wh
14:49:36.519,0000004202 Wh
14:49:37.198,0000004202 Wh
14:49:38.192,0000004202 Wh
14:49:39.200,0000004202 Wh
14:49:40.195,0000004202 Wh
14:49:41.523,0000004202 Wh
14:49:42.202,0000004202 Wh
14:49:43.197,0000004202 Wh
14:49:44.205,0000004202 Wh
14:49:45.202,0000004202 Wh
14:49:46.548,0000004202 Wh
14:49:47.218,0000004202 Wh
14:49:48.202,0000004202 Wh
14:49:49.212,0000004202 Wh
14:49:50.222,0000004202 Wh
14:49:51.546,0000004202 Wh
14:49:52.225,0000004202 Wh
14:49:53.235,0000004202 Wh
14:49:54.215,0000004202 Wh
14:49:55.234,0000004202 Wh
14:49:56.551,0000004202 Wh
14:49:57.229,0000004202 Wh
14:49:58.238,0000004202 Wh
14:49:59.234,0000004202 Wh
14:50:00.242,0000004202 Wh
14:50:01.552,0000004202 Wh
14:50:02.242,0000004202 Wh
14:50:03.242,0000004202 Wh
14:50:04.238,0000004202 Wh
14:50:05.248,0000004202 Wh
14:50:06.576,0000004202 Wh
14:50:07.238,0000004202 Wh
14:50:08.256,0000004202 Wh
14:50:09.245,0000004202 Wh
14:50:10.248,0000004202 Wh
14:50:11.580,0000004202 Wh
14:50:12.254,0000004202 Wh
14:50:13.257,0000004202 Wh
14:50:14.261,0000004202 Wh
14:50:15.265,0000004202 Wh
14:50:16.592,0000004202 Wh
14:50:17.255,0000004202 Wh
14:50:18.258,0000004202 Wh
14:50:19.277,0000004202 Wh
14:50:20.266,0000004202 Wh
14:50:21.600,0000004202 Wh
14:50:22.258,0000004202 Wh
14:50:23.277,0000004202 Wh
14:50:24.284,0000004202 Wh
14:50:25.278,0000004202 Wh
14:50:26.615,0000004202 Wh
14:50:27.295,0000004202 Wh
14:50:28.285,0000004202 Wh
14:50:29.285,0000004202 Wh
14:50:30.282,0000004202 Wh
14:50:31.604,0000004202 Wh
14:50:32.293,0000004202 Wh
14:50:33.290,0000004202 Wh
14:50:34.282,0000004202 Wh
14:50:35.268,0000004202 Wh
14:50:36.598,0000004202 Wh
14:50:37.272,0000004202 Wh
14:50:38.284,0000004202 Wh
14:50:39.292,0000004202 Wh
14:50:40.279,0000004202 Wh
14:50:41.611,0000004202 Wh
14:50:42.300,0000004202 Wh
14:50:43.287,0000004202 Wh
14:50:44.289,0000004202 Wh
14:50:45.288,0000004202 Wh
14:50:46.609,0000004202 Wh
14:50:47.299,0000004202 Wh
14:50:48.286,0000004202 Wh
14:50:49.305,0000004202 Wh
14:50:50.308,0000004202 Wh
14:50:51.641,0000004202 Wh
14:50:52.300,0000004202 Wh
14:50:53.304,0000004202 Wh
14:50:54.308,0000004202 Wh
14:50:55.296,0000004202 Wh
14:50:56.646,0000004202 Wh
14:50:57.320,0000004202 Wh
14:50:58.309,0000004202 Wh
14:50:59.313,0000004202 Wh
14:51:00.317,0000004202 Wh
14:51:01.634,0000004202 Wh
14:51:02.324,0000004202 Wh
14:51:03.329,0000004203 Wh
14:51:04.317,0000004203 Wh
14:51:05.331,0000004203 Wh
14:51:06.638,0000004203 Wh
14:51:07.328,0000004203 Wh
14:51:08.342,0000004203 Wh
14:51:09.335,0000004203 Wh
14:51:10.340,0000004203 Wh
14:51:11.659,0000004203 Wh
14:51:12.343,0000004203 Wh
14:51:13.338,0000004203 Wh
14:51:14.358,0000004203 Wh
14:51:15.347,0000004203 Wh
14:51:16.665,0000004203 Wh
14:51:17.340,0000004203 Wh
14:51:18.338,0000004203 Wh
14:51:19.350,0000004203 Wh
14:51:20.339,0000004203 Wh
14:51:21.641,0000004203 Wh
14:51:22.332,0000004203 Wh
14:51:23.330,0000004203 Wh
14:51:24.340,0000004203 Wh
14:51:25.346,0000004203 Wh
14:51:26.665,0000004203 Wh
14:51:27.340,0000004203 Wh
14:51:28.345,0000004203 Wh
14:51:29.344,0000004203 Wh
14:51:30.354,0000004203 Wh
14:51:31.683,0000004203 Wh
14:51:32.348,0000004203 Wh
14:51:33.352,0000004203 Wh
14:51:34.355,0000004203 Wh
14:51:35.358,0000004203 Wh
14:51:36.689,0000004203 Wh
14:51:37.347,0000004203 Wh
14:51:38.366,0000004203 Wh
14:51:39.353,0000004203 Wh
14:51:40.357,0000004203 Wh
14:51:41.689,0000004203 Wh
14:51:42.362,0000004203 Wh
14:51:43.364,0000004203 Wh
14:51:44.382,0000004203 Wh
14:51:45.369,0000004203 Wh
14:51:46.700,0000004203 Wh
14:51:47.374,0000004203 Wh
14:51:48.380,0000004203 Wh
14:51:49.385,0000004203 Wh
14:51:50.383,0000004203 Wh
14:51:51.707,0000004203 Wh
14:51:52.381,0000004203 Wh
14:51:53.398,0000004203 Wh
14:51:54.406,0000004203 Wh
14:51:55.390,0000004203 Wh
14:51:56.734,0000004203 Wh
14:51:57.406,0000004203 Wh
14:51:58.396,0000004203 Wh
14:51:59.406,0000004203 Wh
14:52:00.396,0000004203 Wh
14:52:01.739,0000004203 Wh
14:52:02.409,0000004203 Wh
14:52:03.406,0000004203 Wh
14:52:04.411,0000004203 Wh
14:52:05.406,0000004203 Wh
14:52:06.728,0000004203 Wh
14:52:07.421,0000004203 Wh
14:52:08.429,0000004203 Wh
14:52:09.421,0000004203 Wh
14:52:10.426,0000004203 Wh
14:52:11.737,0000004203 Wh
14:52:12.426,0000004203 Wh
14:52:13.441,0000004203 Wh
14:52:14.426,0000004203 Wh
14:52:15.436,0000004203 Wh
14:52:16.756,0000004203 Wh
14:52:17.436,0000004203 Wh
14:52:18.441,0000004203 Wh
14:52:19.436,0000004203 Wh
14:52:20.437,0000004203 Wh
14:52:21.766,0000004204 Wh
14:52:22.441,0000004204 Wh
14:52:23.446,0000004204 Wh
14:52:24.436,0000004204 Wh
14:52:25.449,0000004204 Wh
14:52:26.776,0000004204 Wh
14:52:27.450,0000004204 Wh
14:52:28.456,0000004204 Wh
14:52:29.446,0000004204 Wh
14:52:30.457,0000004204 Wh
14:52:31.782,0000004204 Wh
14:52:32.456,0000004204 Wh
14:52:33.456,0000004204 Wh
14:52:34.468,0000004204 Wh
14:52:35.456,0000004204 Wh
14:52:36.792,0000004204 Wh
14:52:37.461,0000004204 Wh
14:52:38.466,0000004204 Wh
14:52:39.476,0000004204 Wh
14:52:40.466,0000004204 Wh
14:52:41.813,0000004204 Wh
14:52:42.466,0000004204 Wh
14:52:43.476,0000004204 Wh
14:52:44.486,0000004204 Wh
14:52:45.476,0000004204 Wh
14:52:46.806,0000004204 Wh
14:52:47.487,0000004204 Wh
14:52:48.486,0000004204 Wh
14:52:49.491,0000004204 Wh
14:52:50.498,0000004204 Wh
14:52:51.806,0000004204 Wh
14:52:52.496,0000004204 Wh
14:52:53.491,0000004204 Wh
14:52:54.496,0000004204 Wh
14:52:55.506,0000004204 Wh
14:52:56.836,0000004204 Wh
14:52:57.506,0000004204 Wh
14:52:58.516,0000004204 Wh
14:52:59.507,0000004204 Wh
14:53:00.516,0000004204 Wh
14:53:01.846,0000004204 Wh
14:53:02.513,0000004204 Wh
14:53:03.521,0000004204 Wh
14:53:04.506,0000004204 Wh
14:53:05.522,0000004205 Wh
14:53:06.847,0000004205 Wh
14:53:07.520,0000004205 Wh
14:53:08.526,0000004205 Wh
14:53:09.516,0000004205 Wh
14:53:10.526,0000004205 Wh
14:53:11.856,0000004205 Wh
14:53:12.526,0000004205 Wh
14:53:13.536,0000004205 Wh
14:53:14.541,0000004205 Wh
14:53:15.536,0000004205 Wh
14:53:16.861,0000004205 Wh
14:53:17.537,0000004205 Wh
14:53:18.541,0000004205 Wh
14:53:19.546,0000004205 Wh
14:53:20.541,0000004205 Wh
14:53:21.866,0000004205 Wh
14:53:22.556,0000004205 Wh
14:53:23.552,0000004205 Wh
14:53:24.556,0000004205 Wh
14:53:25.551,0000004205 Wh
14:53:26.896,0000004205 Wh
14:53:27.566,0000004205 Wh
14:53:28.559,0000004205 Wh
14:53:29.566,0000004205 Wh
14:53:30.556,0000004205 Wh
14:53:31.896,0000004205 Wh
14:53:32.573,0000004205 Wh
14:53:33.566,0000004205 Wh
14:53:34.570,0000004205 Wh
14:53:35.576,0000004205 Wh
14:53:36.907,0000004205 Wh
14:53:37.576,0000004205 Wh
14:53:38.586,0000004205 Wh
14:53:39.576,0000004205 Wh
14:53:40.586,0000004205 Wh
14:53:41.916,0000004205 Wh
14:53:42.587,0000004205 Wh
14:53:43.596,0000004205 Wh
14:53:44.586,0000004205 Wh
14:53:45.596,0000004205 Wh
14:53:46.906,0000004206 Wh
14:53:47.596,0000004206 Wh
14:53:48.596,0000004206 Wh
14:53:49.593,0000004206 Wh
14:53:50.609,0000004206 Wh
14:53:51.930,0000004206 Wh
14:53:52.607,0000004206 Wh
14:53:53.611,0000004206 Wh
14:53:54.596,0000004206 Wh
14:53:55.606,0000004206 Wh
14:53:56.938,0000004206 Wh
14:53:57.606,0000004206 Wh
14:53:58.616,0000004206 Wh
14:53:59.606,0000004206 Wh
14:54:00.616,0000004206 Wh
14:54:01.946,0000004206 Wh
14:54:02.632,0000004206 Wh
14:54:03.623,0000004206 Wh
14:54:04.626,0000004206 Wh
14:54:05.617,0000004206 Wh
14:54:06.946,0000004206 Wh
14:54:07.641,0000004206 Wh
14:54:08.632,0000004206 Wh
14:54:09.640,0000004206 Wh
14:54:10.626,0000004206 Wh
14:54:11.957,0000004206 Wh
14:54:12.646,0000004206 Wh
14:54:13.636,0000004206 Wh
14:54:14.646,0000004206 Wh
14:54:15.636,0000004206 Wh
14:54:16.978,0000004206 Wh
14:54:17.651,0000004206 Wh
14:54:18.646,0000004206 Wh
14:54:19.650,0000004206 Wh
14:54:20.656,0000004206 Wh
14:54:21.991,0000004206 Wh
14:54:22.656,0000004206 Wh
14:54:23.654,0000004206 Wh
14:54:24.659,0000004206 Wh
14:54:25.668,0000004206 Wh
14:54:26.996,0000004206 Wh
14:54:27.666,0000004206 Wh
14:54:28.676,0000004207 Wh
14:54:29.668,0000004207 Wh
14:54:30.676,0000004207 Wh
14:54:31.996,0000004207 Wh
14:54:32.676,0000004207 Wh
14:54:33.677,0000004207 Wh
14:54:34.666,0000004207 Wh
14:54:35.676,0000004207 Wh
14:54:37.006,0000004207 Wh
14:54:37.680,0000004207 Wh
14:54:38.689,0000004207 Wh
14:54:39.681,0000004207 Wh
14:54:40.687,0000004207 Wh
14:54:42.016,0000004207 Wh
14:54:42.690,0000004207 Wh
14:54:43.696,0000004207 Wh
14:54:44.696,0000004207 Wh
14:54:45.696,0000004207 Wh
14:54:47.023,0000004207 Wh
14:54:47.696,0000004207 Wh
14:54:48.701,0000004207 Wh
14:54:49.706,0000004207 Wh
14:54:50.701,0000004207 Wh
14:54:52.032,0000004207 Wh
14:54:52.720,0000004207 Wh
14:54:53.711,0000004207 Wh
14:54:54.716,0000004207 Wh
14:54:55.706,0000004207 Wh
14:54:57.039,0000004207 Wh
14:54:57.726,0000004207 Wh
14:54:58.716,0000004207 Wh
14:54:59.726,0000004207 Wh
14:55:00.716,0000004207 Wh
14:55:02.046,0000004207 Wh
14:55:02.734,0000004207 Wh
14:55:03.726,0000004207 Wh
14:55:04.726,0000004207 Wh
14:55:05.726,0000004207 Wh
14:55:07.047,0000004207 Wh
14:55:07.736,0000004207 Wh
14:55:08.746,0000004207 Wh
14:55:09.738,0000004208 Wh
14:55:10.746,0000004208 Wh
14:55:12.061,0000004208 Wh
14:55:12.746,0000004208 Wh
14:55:13.737,0000004208 Wh
14:55:14.746,0000004208 Wh
14:55:15.756,0000004208 Wh
14:55:17.080,0000004208 Wh
14:55:17.756,0000004208 Wh
14:55:18.756,0000004208 Wh
14:55:19.753,0000004208 Wh
14:55:20.756,0000004208 Wh
14:55:22.088,0000004208 Wh
14:55:22.756,0000004208 Wh
14:55:23.771,0000004208 Wh
14:55:24.758,0000004208 Wh
14:55:25.766,0000004208 Wh
14:55:27.096,0000004208 Wh
14:55:27.768,0000004208 Wh
14:55:28.782,0000004208 Wh
14:55:29.766,0000004208 Wh
14:55:30.776,0000004208 Wh
14:55:32.102,0000004208 Wh
14:55:32.776,0000004208 Wh
14:55:33.778,0000004208 Wh
14:55:34.776,0000004208 Wh
14:55:35.781,0000004208 Wh
14:55:37.111,0000004208 Wh
14:55:37.776,0000004208 Wh
14:55:38.792,0000004208 Wh
14:55:39.798,0000004208 Wh
14:55:40.790,0000004208 Wh
14:55:42.116,0000004208 Wh
14:55:42.787,0000004208 Wh
14:55:43.796,0000004208 Wh
14:55:44.806,0000004208 Wh
14:55:45.799,0000004208 Wh
14:55:47.126,0000004208 Wh
14:55:47.806,0000004208 Wh
14:55:48.806,0000004208 Wh
14:55:49.811,0000004208 Wh
14:55:51.142,0000004208 Wh
14:55:51.811,0000004208 Wh
14:55:52.821,0000004209 Wh
14:55:53.806,0000004209 Wh
14:55:54.820,0000004209 Wh
14:55:55.810,0000004209 Wh
14:55:57.156,0000004209 Wh
14:55:57.826,0000004209 Wh
14:55:58.816,0000004209 Wh
14:55:59.826,0000004209 Wh
14:56:00.836,0000004209 Wh
14:56:02.156,0000004209 Wh
14:56:02.836,0000004209 Wh
14:56:03.839,0000004209 Wh
14:56:04.829,0000004209 Wh
14:56:05.846,0000004209 Wh
14:56:07.171,0000004209 Wh
14:56:07.846,0000004209 Wh
14:56:08.846,0000004209 Wh
14:56:09.846,0000004209 Wh
14:56:10.846,0000004209 Wh
14:56:12.176,0000004209 Wh
14:56:12.846,0000004209 Wh
14:56:13.856,0000004209 Wh
14:56:14.866,0000004209 Wh
14:56:15.856,0000004209 Wh
14:56:17.186,0000004209 Wh
14:56:17.858,0000004209 Wh
14:56:18.856,0000004209 Wh
14:56:19.856,0000004209 Wh
14:56:20.856,0000004209 Wh
14:56:22.186,0000004209 Wh
14:56:22.856,0000004209 Wh
14:56:23.869,0000004209 Wh
14:56:24.876,0000004209 Wh
14:56:25.871,0000004209 Wh
14:56:27.196,0000004209 Wh
14:56:27.867,0000004209 Wh
14:56:28.876,0000004209 Wh
14:56:29.886,0000004209 Wh
14:56:30.876,0000004209 Wh
14:56:32.206,0000004209 Wh
14:56:32.894,0000004209 Wh
14:56:33.886,0000004209 Wh
14:56:34.901,0000004209 Wh
14:56:35.886,0000004209 Wh
14:56:37.230,0000004210 Wh
14:56:37.901,0000004210 Wh
14:56:38.886,0000004210 Wh
14:56:39.900,0000004210 Wh
14:56:40.906,0000004210 Wh
14:56:42.236,0000004210 Wh
14:56:42.911,0000004210 Wh
14:56:43.901,0000004210 Wh
14:56:44.906,0000004210 Wh
14:56:45.916,0000004210 Wh
14:56:47.246,0000004210 Wh
14:56:47.916,0000004210 Wh
14:56:48.906,0000004210 Wh
14:56:49.906,0000004210 Wh
14:56:50.919,0000004210 Wh
14:56:52.254,0000004210 Wh
14:56:52.921,0000004210 Wh
14:56:53.926,0000004210 Wh
14:56:54.922,0000004210 Wh
14:56:55.931,0000004210 Wh
14:56:57.256,0000004210 Wh
14:56:57.926,0000004210 Wh
14:56:58.936,0000004210 Wh
14:56:59.926,0000004210 Wh
14:57:00.936,0000004210 Wh
14:57:02.259,0000004210 Wh
14:57:02.936,0000004210 Wh
14:57:03.945,0000004210 Wh
14:57:04.936,0000004210 Wh
14:57:05.939,0000004210 Wh
14:57:07.272,0000004210 Wh
14:57:07.938,0000004210 Wh
14:57:08.951,0000004210 Wh
14:57:09.956,0000004210 Wh
14:57:10.946,0000004210 Wh
14:57:12.276,0000004210 Wh
14:57:12.951,0000004210 Wh
14:57:13.957,0000004210 Wh
14:57:14.966,0000004210 Wh
14:57:15.956,0000004210 Wh
14:57:17.286,0000004210 Wh
14:57:17.967,0000004210 Wh
14:57:18.966,0000004210 Wh
14:57:19.974,0000004210 Wh
14:57:20.966,0000004211 Wh
14:57:22.291,0000004211 Wh
14:57:22.976,0000004211 Wh
14:57:23.973,0000004211 Wh
14:57:24.981,0000004211 Wh
14:57:25.966,0000004211 Wh
14:57:27.316,0000004211 Wh
14:57:27.986,0000004211 Wh
14:57:28.979,0000004211 Wh
14:57:29.986,0000004211 Wh
14:57:30.977,0000004211 Wh
14:57:32.316,0000004211 Wh
14:57:32.996,0000004211 Wh
14:57:33.987,0000004211 Wh
14:57:34.991,0000004211 Wh
14:57:35.996,0000004211 Wh
14:57:37.326,0000004211 Wh
14:57:37.996,0000004211 Wh
14:57:39.006,0000004211 Wh
14:57:39.998,0000004211 Wh
14:57:41.006,0000004211 Wh
14:57:42.337,0000004211 Wh
14:57:43.007,0000004211 Wh
14:57:44.016,0000004211 Wh
14:57:45.008,0000004211 Wh
14:57:46.016,0000004211 Wh
14:57:47.344,0000004211 Wh
14:57:48.016,0000004211 Wh
14:57:49.021,0000004211 Wh
14:57:50.016,0000004211 Wh
14:57:51.023,0000004211 Wh
14:57:52.347,0000004211 Wh
14:57:53.016,0000004211 Wh
14:57:54.031,0000004211 Wh
14:57:55.020,0000004211 Wh
14:57:56.028,0000004211 Wh
14:57:57.356,0000004211 Wh
14:57:58.028,0000004211 Wh
14:57:59.037,0000004211 Wh
14:58:00.046,0000004211 Wh
14:58:01.036,0000004211 Wh
14:58:02.366,0000004211 Wh
14:58:03.046,0000004211 Wh
14:58:04.046,0000004211 Wh
14:58:05.046,0000004212 Wh
14:58:06.046,0000004212 Wh
14:58:07.366,0000004212 Wh
14:58:08.056,0000004212 Wh
14:58:09.051,0000004212 Wh
14:58:10.056,0000004212 Wh
14:58:11.054,0000004212 Wh
14:58:12.376,0000004212 Wh
14:58:13.066,0000004212 Wh
14:58:14.058,0000004212 Wh
14:58:15.068,0000004212 Wh
14:58:16.056,0000004212 Wh
14:58:17.396,0000004212 Wh
14:58:18.076,0000004212 Wh
14:58:19.067,0000004212 Wh
14:58:20.071,0000004212 Wh
14:58:21.081,0000004212 Wh
14:58:22.406,0000004212 Wh
14:58:23.083,0000004212 Wh
14:58:24.090,0000004212 Wh
14:58:25.076,0000004212 Wh
14:58:26.086,0000004212 Wh
14:58:27.416,0000004212 Wh
14:58:28.086,0000004212 Wh
14:58:29.096,0000004212 Wh
14:58:30.091,0000004212 Wh
14:58:31.096,0000004212 Wh
14:58:32.426,0000004212 Wh
14:58:33.096,0000004212 Wh
14:58:34.104,0000004212 Wh
14:58:35.096,0000004212 Wh
14:58:36.095,0000004212 Wh
14:58:37.418,0000004212 Wh
14:58:38.099,0000004212 Wh
14:58:39.110,0000004212 Wh
14:58:40.090,0000004212 Wh
14:58:41.102,0000004212 Wh
14:58:42.436,0000004212 Wh
14:58:43.107,0000004212 Wh
14:58:44.108,0000004212 Wh
14:58:45.122,0000004212 Wh
14:58:46.118,0000004212 Wh
14:58:47.441,0000004212 Wh
14:58:48.119,0000004212 Wh
14:58:49.118,0000004212 Wh
14:58:50.134,0000004212 Wh
14:58:51.126,0000004212 Wh
14:58:52.444,0000004212 Wh
14:58:53.139,0000004212 Wh
14:58:54.134,0000004212 Wh
14:58:55.139,0000004212 Wh
14:58:56.128,0000004212 Wh
14:58:57.454,0000004212 Wh
14:58:58.145,0000004212 Wh
14:58:59.133,0000004212 Wh
14:59:00.144,0000004212 Wh
14:59:01.139,0000004212 Wh
14:59:02.466,0000004212 Wh
14:59:03.156,0000004212 Wh
14:59:04.149,0000004212 Wh
14:59:05.154,0000004212 Wh
14:59:06.152,0000004212 Wh
14:59:07.490,0000004212 Wh
14:59:08.158,0000004212 Wh
14:59:09.168,0000004212 Wh
14:59:10.148,0000004212 Wh
14:59:11.159,0000004212 Wh
14:59:12.489,0000004212 Wh
14:59:13.167,0000004212 Wh
14:59:14.179,0000004212 Wh
14:59:15.157,0000004212 Wh
14:59:16.169,0000004212 Wh
14:59:17.504,0000004212 Wh
14:59:18.168,0000004212 Wh
14:59:19.179,0000004212 Wh
14:59:20.174,0000004212 Wh
14:59:21.186,0000004212 Wh
14:59:22.513,0000004212 Wh
14:59:23.185,0000004212 Wh
14:59:24.186,0000004212 Wh
14:59:25.182,0000004212 Wh
14:59:26.189,0000004212 Wh
14:59:27.506,0000004212 Wh
14:59:28.190,0000004212 Wh
14:59:29.186,0000004212 Wh
14:59:30.198,0000004212 Wh
14:59:31.193,0000004212 Wh
14:59:32.524,0000004213 Wh
14:59:33.208,0000004213 Wh
14:59:34.193,0000004213 Wh
14:59:35.210,0000004213 Wh
14:59:36.205,0000004213 Wh
14:59:37.533,0000004213 Wh
14:59:38.200,0000004213 Wh
14:59:39.199,0000004213 Wh
14:59:40.209,0000004213 Wh
14:59:41.205,0000004213 Wh
14:59:42.538,0000004213 Wh
14:59:43.216,0000004213 Wh
14:59:44.211,0000004213 Wh
14:59:45.222,0000004213 Wh
14:59:46.206,0000004213 Wh
14:59:47.539,0000004213 Wh
14:59:48.234,0000004213 Wh
14:59:49.228,0000004213 Wh
14:59:50.233,0000004213 Wh
14:59:51.238,0000004213 Wh
14:59:52.553,0000004213 Wh
14:59:53.233,0000004213 Wh
14:59:54.228,0000004213 Wh
14:59:55.240,0000004213 Wh
14:59:56.249,0000004213 Wh
14:59:57.563,0000004213 Wh
14:59:58.246,0000004213 Wh
14:59:59.245,0000004213 Wh
15:00:00.240,0000004213 Wh
15:00:01.248,0000004213 Wh
15:00:02.577,0000004213 Wh
15:00:03.254,0000004213 Wh
15:00:04.265,0000004213 Wh
15:00:05.245,0000004213 Wh
15:00:06.257,0000004213 Wh
15:00:07.586,0000004213 Wh
15:00:08.264,0000004213 Wh
15:00:09.259,0000004213 Wh
15:00:10.255,0000004213 Wh
15:00:11.267,0000004213 Wh
15:00:12.598,0000004213 Wh
15:00:13.262,0000004213 Wh
15:00:14.286,0000004213 Wh
15:00:15.286,0000004213 Wh
15:00:16.269,0000004213 Wh
15:00:17.597,0000004213 Wh
15:00:18.275,0000004213 Wh
15:00:19.286,0000004213 Wh
15:00:20.294,0000004213 Wh
15:00:21.286,0000004213 Wh
15:00:22.604,0000004213 Wh
15:00:23.284,0000004213 Wh
15:00:24.292,0000004213 Wh
15:00:25.294,0000004213 Wh
15:00:26.288,0000004213 Wh
15:00:27.617,0000004213 Wh
15:00:28.295,0000004213 Wh
15:00:29.288,0000004213 Wh
15:00:30.305,0000004213 Wh
15:00:31.297,0000004213 Wh
15:00:32.639,0000004213 Wh
15:00:33.304,0000004213 Wh
15:00:34.293,0000004213 Wh
15:00:35.308,0000004213 Wh
15:00:36.303,0000004213 Wh
15:00:37.645,0000004213 Wh
15:00:38.323,0000004213 Wh
15:00:39.329,0000004213 Wh
15:00:40.319,0000004213 Wh
15:00:41.331,0000004213 Wh
15:00:42.658,0000004213 Wh
15:00:43.318,0000004213 Wh
15:00:44.308,0000004213 Wh
15:00:45.329,0000004213 Wh
15:00:46.338,0000004213 Wh
15:00:47.665,0000004213 Wh
15:00:48.340,0000004213 Wh
15:00:49.328,0000004213 Wh
15:00:50.336,0000004213 Wh
15:00:51.345,0000004213 Wh
15:00:52.673,0000004213 Wh
15:00:53.345,0000004213 Wh
15:00:54.352,0000004213 Wh
15:00:55.344,0000004213 Wh
15:00:56.352,0000004213 Wh
15:00:57.685,0000004213 Wh
15:00:58.352,0000004213 Wh
15:00:59.360,0000004213 Wh
15:01:00.352,0000004213 Wh
15:01:01.359,0000004213 Wh
15:01:02.687,0000004213 Wh
15:01:03.358,0000004213 Wh
15:01:04.366,0000004213 Wh
15:01:05.358,0000004213 Wh
15:01:06.366,0000004213 Wh
15:01:07.694,0000004213 Wh
15:01:08.366,0000004213 Wh
15:01:09.374,0000004213 Wh
15:01:10.382,0000004213 Wh
15:01:11.374,0000004213 Wh
15:01:12.701,0000004213 Wh
15:01:13.373,0000004213 Wh
15:01:14.381,0000004213 Wh
15:01:15.388,0000004213 Wh
15:01:16.393,0000004213 Wh
15:01:17.708,0000004213 Wh
15:01:18.396,0000004213 Wh
15:01:19.387,0000004213 Wh
15:01:20.395,0000004213 Wh
15:01:21.403,0000004213 Wh
15:01:22.715,0000004213 Wh
15:01:23.403,0000004213 Wh
15:01:24.394,0000004213 Wh
15:01:25.402,0000004213 Wh
15:01:26.394,0000004213 Wh
15:01:27.738,0000004213 Wh
15:01:28.410,0000004213 Wh
15:01:29.401,0000004213 Wh
15:01:30.410,0000004213 Wh
15:01:31.417,0000004213 Wh
15:01:32.729,0000004213 Wh
15:01:33.417,0000004213 Wh
15:01:34.425,0000004213 Wh
15:01:35.417,0000004213 Wh
15:01:36.606,0000004213 Wh
15:01:37.736,0000004213 Wh
15:01:38.424,0000004213 Wh
15:01:39.433,0000004213 Wh
15:01:40.424,0000004213 Wh
15:01:41.432,0000004213 Wh
15:01:42.759,0000004213 Wh
15:01:43.431,0000004214 Wh
15:01:44.440,0000004214 Wh
15:01:45.447,0000004214 Wh
15:01:46.439,0000004214 Wh
15:01:47.768,0000004214 Wh
15:01:48.439,0000004214 Wh
15:01:49.446,0000004214 Wh
15:01:50.438,0000004214 Wh
15:01:51.446,0000004214 Wh
15:01:52.774,0000004214 Wh
15:01:53.445,0000004214 Wh
15:01:54.453,0000004214 Wh
15:01:55.462,0000004214 Wh
15:01:56.454,0000004214 Wh
15:01:57.780,0000004214 Wh
15:01:58.454,0000004214 Wh
15:01:59.461,0000004214 Wh
15:02:00.469,0000004214 Wh
15:02:01.461,0000004214 Wh
15:02:02.788,0000004214 Wh
15:02:03.476,0000004214 Wh
15:02:04.468,0000004214 Wh
15:02:05.476,0000004214 Wh
15:02:06.467,0000004214 Wh
15:02:07.795,0000004214 Wh
15:02:08.484,0000004214 Wh
15:02:09.474,0000004214 Wh
15:02:10.483,0000004214 Wh
15:02:11.474,0000004214 Wh
15:02:12.804,0000004214 Wh
15:02:13.490,0000004214 Wh
15:02:14.482,0000004214 Wh
15:02:15.490,0000004214 Wh
15:02:16.498,0000004214 Wh
15:02:17.810,0000004214 Wh
15:02:18.498,0000004214 Wh
15:02:19.489,0000004214 Wh
15:02:20.497,0000004214 Wh
15:02:21.504,0000004214 Wh
15:02:22.833,0000004214 Wh
15:02:23.505,0000004214 Wh
15:02:24.512,0000004214 Wh
15:02:25.504,0000004214 Wh
15:02:26.511,0000004214 Wh
15:02:27.840,0000004214 Wh
15:02:28.512,0000004214 Wh
15:02:29.520,0000004214 Wh
15:02:30.513,0000004214 Wh
15:02:31.519,0000004214 Wh
15:02:32.847,0000004214 Wh
15:02:33.519,0000004214 Wh
15:02:34.527,0000004214 Wh
15:02:35.519,0000004214 Wh
15:02:36.526,0000004214 Wh
15:02:37.855,0000004214 Wh
15:02:38.526,0000004214 Wh
15:02:39.534,0000004214 Wh
15:02:40.541,0000004214 Wh
15:02:41.533,0000004214 Wh
15:02:42.861,0000004214 Wh
15:02:43.533,0000004214 Wh
15:02:44.541,0000004214 Wh
15:02:45.549,0000004214 Wh
15:02:46.540,0000004214 Wh
15:02:47.869,0000004214 Wh
15:02:48.556,0000004214 Wh
15:02:49.549,0000004214 Wh
15:02:50.556,0000004214 Wh
15:02:51.563,0000004214 Wh
15:02:52.875,0000004214 Wh
15:02:53.563,0000004214 Wh
15:02:54.555,0000004214 Wh
15:02:55.568,0000004214 Wh
15:02:56.555,0000004214 Wh
15:02:57.898,0000004214 Wh
15:02:58.571,0000004214 Wh
15:02:59.562,0000004214 Wh
15:03:00.570,0000004214 Wh
15:03:01.578,0000004214 Wh
15:03:02.889,0000004214 Wh
15:03:03.578,0000004214 Wh
15:03:04.570,0000004214 Wh
15:03:05.577,0000004214 Wh
15:03:06.585,0000004214 Wh
15:03:07.912,0000004214 Wh
15:03:08.584,0000004214 Wh
15:03:09.593,0000004214 Wh
15:03:10.585,0000004214 Wh
15:03:11.592,0000004214 Wh
15:03:12.920,0000004214 Wh
15:03:13.592,0000004214 Wh
15:03:14.600,0000004214 Wh
15:03:15.592,0000004214 Wh
15:03:16.600,0000004214 Wh
15:03:17.927,0000004214 Wh
15:03:18.599,0000004214 Wh
15:03:19.607,0000004214 Wh
15:03:20.599,0000004214 Wh
15:03:21.605,0000004214 Wh
15:03:22.934,0000004214 Wh
15:03:23.606,0000004214 Wh
15:03:24.614,0000004214 Wh
15:03:25.606,0000004214 Wh
15:03:26.613,0000004214 Wh
15:03:27.941,0000004214 Wh
15:03:28.613,0000004214 Wh
15:03:29.621,0000004215 Wh
15:03:30.629,0000004215 Wh
15:03:31.621,0000004215 Wh
15:03:32.949,0000004215 Wh
15:03:33.636,0000004215 Wh
15:03:34.629,0000004215 Wh
15:03:35.636,0000004215 Wh
15:03:36.628,0000004215 Wh
15:03:37.956,0000004215 Wh
15:03:38.643,0000004215 Wh
15:03:39.634,0000004215 Wh
15:03:40.643,0000004215 Wh
15:03:41.635,0000004215 Wh
15:03:42.963,0000004215 Wh
15:03:43.650,0000004215 Wh
15:03:44.643,0000004215 Wh
15:03:45.653,0000004215 Wh
15:03:46.642,0000004215 Wh
15:03:47.986,0000004215 Wh
15:03:48.658,0000004215 Wh
15:03:49.649,0000004215 Wh
15:03:50.658,0000004215 Wh
15:03:51.985,0000004215 Wh
15:03:52.657,0000004215 Wh
15:03:53.665,0000004215 Wh
15:03:54.657,0000004215 Wh
15:03:55.665,0000004215 Wh
15:03:56.672,0000004215 Wh
15:03:57.999,0000004215 Wh
15:03:58.672,0000004215 Wh
15:03:59.680,0000004215 Wh
15:04:00.671,0000004215 Wh
15:04:01.679,0000004215 Wh
15:04:03.007,0000004215 Wh
15:04:03.680,0000004215 Wh
15:04:04.687,0000004215 Wh
15:04:05.679,0000004215 Wh
15:04:06.687,0000004215 Wh
15:04:08.014,0000004215 Wh
15:04:08.686,0000004215 Wh
15:04:09.694,0000004215 Wh
15:04:10.685,0000004215 Wh
15:04:11.693,0000004215 Wh
15:04:13.022,0000004215 Wh
15:04:13.693,0000004215 Wh
15:04:14.701,0000004215 Wh
15:04:15.709,0000004215 Wh
15:04:16.701,0000004215 Wh
15:04:18.029,0000004215 Wh
15:04:18.700,0000004215 Wh
15:04:19.708,0000004215 Wh
15:04:20.716,0000004215 Wh
15:04:21.708,0000004215 Wh
15:04:23.036,0000004215 Wh
15:04:23.707,0000004215 Wh
15:04:24.715,0000004215 Wh
15:04:25.723,0000004215 Wh
15:04:26.715,0000004215 Wh
15:04:28.058,0000004215 Wh
15:04:28.731,0000004215 Wh
15:04:29.722,0000004215 Wh
15:04:30.730,0000004215 Wh
15:04:31.722,0000004215 Wh
15:04:33.051,0000004215 Wh
15:04:33.738,0000004215 Wh
15:04:34.729,0000004215 Wh
15:04:35.737,0000004215 Wh
15:04:36.745,0000004215 Wh
15:04:38.057,0000004215 Wh
15:04:38.745,0000004215 Wh
15:04:39.753,0000004215 Wh
15:04:40.744,0000004215 Wh
15:04:41.752,0000004215 Wh
15:04:43.064,0000004215 Wh
15:04:43.751,0000004215 Wh
15:04:44.759,0000004215 Wh
15:04:45.752,0000004215 Wh
15:04:46.760,0000004215 Wh
15:04:48.087,0000004215 Wh
15:04:48.759,0000004215 Wh
15:04:49.767,0000004215 Wh
15:04:50.759,0000004215 Wh
15:04:51.766,0000004215 Wh
15:04:53.094,0000004215 Wh
15:04:53.766,0000004215 Wh
15:04:54.775,0000004215 Wh
15:04:55.766,0000004215 Wh
15:04:56.774,0000004215 Wh
15:04:58.101,0000004215 Wh
15:04:58.773,0000004215 Wh
15:04:59.781,0000004215 Wh
15:05:00.772,0000004215 Wh
15:05:01.783,0000004215 Wh
15:05:03.109,0000004215 Wh
15:05:03.796,0000004215 Wh
15:05:04.788,0000004215 Wh
15:05:05.796,0000004215 Wh
15:05:06.788,0000004215 Wh
15:05:08.115,0000004215 Wh
15:05:08.788,0000004215 Wh
15:05:09.796,0000004215 Wh
15:05:10.803,0000004215 Wh
15:05:11.796,0000004215 Wh
15:05:13.123,0000004215 Wh
15:05:13.810,0000004215 Wh
15:05:14.803,0000004215 Wh
15:05:15.810,0000004215 Wh
15:05:16.802,0000004215 Wh
15:05:18.129,0000004215 Wh
15:05:18.817,0000004215 Wh
15:05:19.809,0000004215 Wh
15:05:20.817,0000004215 Wh
15:05:21.825,0000004215 Wh
15:05:23.153,0000004215 Wh
15:05:23.825,0000004215 Wh
15:05:24.816,0000004215 Wh
15:05:25.825,0000004215 Wh
15:05:26.832,0000004215 Wh
15:05:28.160,0000004215 Wh
15:05:28.832,0000004215 Wh
15:05:29.824,0000004215 Wh
15:05:30.832,0000004215 Wh
15:05:31.840,0000004215 Wh
15:05:33.151,0000004215 Wh
15:05:33.839,0000004215 Wh
15:05:34.847,0000004215 Wh
15:05:35.839,0000004215 Wh
15:05:36.846,0000004215 Wh
15:05:38.175,0000004215 Wh
15:05:38.845,0000004215 Wh
15:05:39.854,0000004215 Wh
15:05:40.846,0000004215 Wh
15:05:41.854,0000004215 Wh
15:05:43.182,0000004215 Wh
15:05:43.854,0000004215 Wh
15:05:44.861,0000004215 Wh
15:05:45.869,0000004215 Wh
15:05:46.861,0000004215 Wh
15:05:48.188,0000004215 Wh
15:05:48.860,0000004215 Wh
15:05:49.868,0000004215 Wh
15:05:50.876,0000004215 Wh
15:05:51.867,0000004215 Wh
15:05:53.196,0000004215 Wh
15:05:53.868,0000004215 Wh
15:05:54.876,0000004215 Wh
15:05:55.883,0000004215 Wh
15:05:56.874,0000004215 Wh
15:05:58.219,0000004215 Wh
15:05:58.890,0000004215 Wh
15:05:59.882,0000004215 Wh
15:06:00.890,0000004215 Wh
15:06:01.883,0000004215 Wh
15:06:03.209,0000004215 Wh
15:06:03.898,0000004215 Wh
15:06:04.890,0000004215 Wh
15:06:05.897,0000004215 Wh
15:06:06.889,0000004215 Wh
15:06:08.217,0000004215 Wh
15:06:08.905,0000004215 Wh
15:06:09.913,0000004215 Wh
15:06:10.904,0000004215 Wh
15:06:11.896,0000004215 Wh
15:06:13.236,0000004215 Wh
15:06:13.911,0000004215 Wh
15:06:14.893,0000004215 Wh
15:06:15.904,0000004215 Wh
15:06:16.911,0000004215 Wh
15:06:18.244,0000004215 Wh
15:06:18.911,0000004215 Wh
15:06:19.922,0000004215 Wh
15:06:20.919,0000004215 Wh
15:06:21.915,0000004215 Wh
15:06:23.238,0000004215 Wh
15:06:23.924,0000004215 Wh
15:06:24.934,0000004215 Wh
15:06:25.912,0000004215 Wh
15:06:26.931,0000004215 Wh
15:06:28.261,0000004215 Wh
15:06:28.933,0000004215 Wh
15:06:29.933,0000004215 Wh
15:06:30.927,0000004215 Wh
15:06:31.938,0000004215 Wh
15:06:33.263,0000004215 Wh
15:06:33.937,0000004215 Wh
15:06:34.941,0000004215 Wh
15:06:35.935,0000004215 Wh
15:06:36.941,0000004215 Wh
15:06:38.271,0000004215 Wh
15:06:38.944,0000004215 Wh
15:06:39.953,0000004215 Wh
15:06:40.965,0000004216 Wh
15:06:41.955,0000004216 Wh
15:06:43.286,0000004216 Wh
15:06:43.955,0000004216 Wh
15:06:44.962,0000004216 Wh
15:06:45.970,0000004216 Wh
15:06:46.963,0000004216 Wh
15:06:48.287,0000004216 Wh
15:06:48.977,0000004216 Wh
15:06:49.969,0000004216 Wh
15:06:50.977,0000004216 Wh
15:06:51.991,0000004216 Wh
15:06:53.312,0000004216 Wh
15:06:53.984,0000004216 Wh
15:06:54.976,0000004216 Wh
15:06:55.984,0000004216 Wh
15:06:56.984,0000004216 Wh
15:06:58.320,0000004216 Wh
15:06:58.998,0000004216 Wh
15:06:59.976,0000004216 Wh
15:07:00.992,0000004216 Wh
15:07:01.991,0000004216 Wh
15:07:03.316,0000004216 Wh
15:07:03.999,0000004216 Wh
15:07:04.990,0000004216 Wh
15:07:05.998,0000004216 Wh
15:07:07.006,0000004216 Wh
15:07:08.333,0000004216 Wh
15:07:08.995,0000004216 Wh
15:07:10.013,0000004216 Wh
15:07:11.002,0000004216 Wh
15:07:12.004,0000004216 Wh
15:07:13.334,0000004216 Wh
15:07:14.007,0000004216 Wh
15:07:15.022,0000004216 Wh
15:07:16.015,0000004216 Wh
15:07:17.014,0000004216 Wh
15:07:18.348,0000004216 Wh
15:07:19.020,0000004216 Wh
15:07:20.017,0000004216 Wh
15:07:21.020,0000004216 Wh
15:07:22.026,0000004216 Wh
15:07:23.355,0000004216 Wh
15:07:24.020,0000004216 Wh
15:07:25.032,0000004216 Wh
15:07:26.040,0000004216 Wh
15:07:27.040,0000004216 Wh
15:07:28.354,0000004216 Wh
15:07:29.034,0000004216 Wh
15:07:30.036,0000004216 Wh
15:07:31.049,0000004216 Wh
15:07:32.042,0000004216 Wh
15:07:33.367,0000004216 Wh
15:07:34.052,0000004216 Wh
15:07:35.040,0000004216 Wh
15:07:36.057,0000004216 Wh
15:07:37.035,0000004216 Wh
15:07:38.370,0000004216 Wh
15:07:39.053,0000004216 Wh
15:07:40.053,0000004216 Wh
15:07:41.059,0000004216 Wh
15:07:42.049,0000004216 Wh
15:07:43.373,0000004216 Wh
15:07:44.069,0000004216 Wh
15:07:45.058,0000004216 Wh
15:07:46.063,0000004216 Wh
15:07:47.073,0000004216 Wh
15:07:48.396,0000004216 Wh
15:07:49.074,0000004216 Wh
15:07:50.057,0000004216 Wh
15:07:51.066,0000004216 Wh
15:07:52.081,0000004216 Wh
15:07:53.408,0000004216 Wh
15:07:54.085,0000004216 Wh
15:07:55.092,0000004216 Wh
15:07:56.077,0000004216 Wh
15:07:57.091,0000004216 Wh
15:07:58.421,0000004216 Wh
15:07:59.093,0000004216 Wh
15:08:00.093,0000004216 Wh
15:08:01.090,0000004216 Wh
15:08:02.101,0000004216 Wh
15:08:03.415,0000004216 Wh
15:08:04.090,0000004216 Wh
15:08:05.100,0000004216 Wh
15:08:06.087,0000004216 Wh
15:08:07.098,0000004216 Wh
15:08:08.429,0000004216 Wh
15:08:09.108,0000004216 Wh
15:08:10.104,0000004216 Wh
15:08:11.102,0000004216 Wh
15:08:12.112,0000004216 Wh
15:08:13.438,0000004216 Wh
15:08:14.101,0000004216 Wh
15:08:15.115,0000004216 Wh
15:08:16.116,0000004216 Wh
15:08:17.119,0000004216 Wh
15:08:18.446,0000004216 Wh
15:08:19.134,0000004216 Wh
15:08:20.118,0000004216 Wh
15:08:21.129,0000004216 Wh
15:08:22.140,0000004216 Wh
15:08:23.448,0000004216 Wh
15:08:24.141,0000004216 Wh
15:08:25.136,0000004216 Wh
15:08:26.145,0000004216 Wh
15:08:27.136,0000004216 Wh
15:08:28.449,0000004216 Wh
15:08:29.144,0000004216 Wh
15:08:30.140,0000004216 Wh
15:08:31.148,0000004216 Wh
15:08:32.140,0000004217 Wh
15:08:33.488,0000004217 Wh
15:08:34.155,0000004217 Wh
15:08:35.149,0000004217 Wh
15:08:36.145,0000004217 Wh
15:08:37.159,0000004217 Wh
15:08:38.487,0000004217 Wh
15:08:39.151,0000004217 Wh
15:08:40.162,0000004217 Wh
15:08:41.155,0000004217 Wh
15:08:42.167,0000004217 Wh
15:08:43.501,0000004217 Wh
15:08:44.174,0000004217 Wh
15:08:45.169,0000004217 Wh
15:08:46.163,0000004217 Wh
15:08:47.173,0000004217 Wh
15:08:48.502,0000004217 Wh
15:08:49.180,0000004217 Wh
15:08:50.185,0000004217 Wh
15:08:51.171,0000004217 Wh
15:08:52.186,0000004217 Wh
15:08:53.514,0000004217 Wh
15:08:54.181,0000004217 Wh
15:08:55.190,0000004217 Wh
15:08:56.185,0000004217 Wh
15:08:57.193,0000004217 Wh
15:08:58.509,0000004217 Wh
15:08:59.186,0000004217 Wh
15:09:00.196,0000004217 Wh
15:09:01.205,0000004217 Wh
15:09:02.200,0000004217 Wh
15:09:03.529,0000004217 Wh
15:09:04.212,0000004217 Wh
15:09:05.208,0000004217 Wh
15:09:06.204,0000004217 Wh
15:09:07.198,0000004217 Wh
15:09:08.534,0000004217 Wh
15:09:09.219,0000004217 Wh
15:09:10.214,0000004217 Wh
15:09:11.224,0000004217 Wh
15:09:12.203,0000004217 Wh
15:09:13.534,0000004217 Wh
15:09:14.229,0000004217 Wh
15:09:15.209,0000004217 Wh
15:09:16.232,0000004217 Wh
15:09:17.215,0000004217 Wh
15:09:18.555,0000004217 Wh
15:09:19.234,0000004217 Wh
15:09:20.232,0000004217 Wh
15:09:21.239,0000004217 Wh
15:09:22.244,0000004217 Wh
15:09:23.561,0000004217 Wh
15:09:24.239,0000004217 Wh
15:09:25.249,0000004217 Wh
15:09:26.242,0000004217 Wh
15:09:27.248,0000004217 Wh
15:09:28.576,0000004217 Wh
15:09:29.241,0000004217 Wh
15:09:30.256,0000004217 Wh
15:09:31.253,0000004217 Wh
15:09:32.261,0000004217 Wh
15:09:33.587,0000004217 Wh
15:09:34.249,0000004217 Wh
15:09:35.262,0000004217 Wh
15:09:36.258,0000004217 Wh
15:09:37.265,0000004217 Wh
15:09:38.593,0000004217 Wh
15:09:39.261,0000004217 Wh
15:09:40.275,0000004217 Wh
15:09:41.257,0000004217 Wh
15:09:42.268,0000004217 Wh
15:09:43.595,0000004217 Wh
15:09:44.263,0000004217 Wh
15:09:45.274,0000004217 Wh
15:09:46.286,0000004217 Wh
15:09:47.281,0000004217 Wh
15:09:48.606,0000004217 Wh
15:09:49.269,0000004217 Wh
15:09:50.285,0000004217 Wh
15:09:51.295,0000004217 Wh
15:09:52.289,0000004217 Wh
15:09:53.603,0000004217 Wh
15:09:54.281,0000004217 Wh
15:09:55.291,0000004217 Wh
15:09:56.291,0000004217 Wh
15:09:57.288,0000004217 Wh
15:09:58.635,0000004217 Wh
15:09:59.312,0000004217 Wh
15:10:00.289,0000004217 Wh
15:10:01.302,0000004217 Wh
15:10:02.299,0000004217 Wh
15:10:03.645,0000004217 Wh
15:10:04.306,0000004217 Wh
15:10:05.298,0000004217 Wh
15:10:06.310,0000004217 Wh
15:10:07.321,0000004217 Wh
15:10:08.630,0000004217 Wh
15:10:09.324,0000004217 Wh
15:10:10.331,0000004217 Wh
15:10:11.316,0000004217 Wh
15:10:12.330,0000004217 Wh
15:10:13.660,0000004217 Wh
15:10:14.324,0000004217 Wh
15:10:15.336,0000004217 Wh
15:10:16.334,0000004217 Wh
15:10:17.336,0000004217 Wh
15:10:18.662,0000004217 Wh
15:10:19.337,0000004217 Wh
15:10:20.339,0000004217 Wh
15:10:21.337,0000004217 Wh
15:10:22.345,0000004217 Wh
15:10:23.665,0000004217 Wh
15:10:24.346,0000004217 Wh
15:10:25.345,0000004217 Wh
15:10:26.337,0000004217 Wh
15:10:27.349,0000004217 Wh
15:10:28.681,0000004217 Wh
15:10:29.343,0000004217 Wh
15:10:30.353,0000004217 Wh
15:10:31.347,0000004217 Wh
15:10:32.359,0000004217 Wh
15:10:33.687,0000004217 Wh
15:10:34.365,0000004217 Wh
15:10:35.359,0000004217 Wh
15:10:36.368,0000004217 Wh
15:10:37.361,0000004217 Wh
15:10:38.688,0000004217 Wh
15:10:39.366,0000004217 Wh
15:10:40.377,0000004217 Wh
15:10:41.383,0000004217 Wh
15:10:42.365,0000004217 Wh
15:10:43.712,0000004217 Wh
15:10:44.388,0000004217 Wh
15:10:45.380,0000004217 Wh
15:10:46.391,0000004217 Wh
15:10:47.382,0000004217 Wh
15:10:48.699,0000004217 Wh
15:10:49.389,0000004217 Wh
15:10:50.379,0000004217 Wh
15:10:51.386,0000004217 Wh
15:10:52.393,0000004217 Wh
15:10:53.706,0000004217 Wh
15:10:54.402,0000004217 Wh
15:10:55.398,0000004217 Wh
15:10:56.398,0000004217 Wh
15:10:57.409,0000004217 Wh
15:10:58.742,0000004217 Wh
15:10:59.406,0000004217 Wh
15:11:00.401,0000004217 Wh
15:11:01.411,0000004217 Wh
15:11:02.408,0000004217 Wh
15:11:03.735,0000004217 Wh
15:11:04.412,0000004217 Wh
15:11:05.424,0000004217 Wh
15:11:06.407,0000004217 Wh
15:11:07.421,0000004217 Wh
15:11:08.751,0000004217 Wh
15:11:09.413,0000004217 Wh
15:11:10.435,0000004217 Wh
15:11:11.419,0000004217 Wh
15:11:12.429,0000004217 Wh
15:11:13.755,0000004217 Wh
15:11:14.430,0000004217 Wh
15:11:15.439,0000004217 Wh
15:11:16.450,0000004217 Wh
15:11:17.440,0000004217 Wh
15:11:18.771,0000004217 Wh
15:11:19.436,0000004217 Wh
15:11:20.446,0000004217 Wh
15:11:21.449,0000004217 Wh
15:11:22.446,0000004217 Wh
15:11:23.763,0000004217 Wh
15:11:24.445,0000004217 Wh
15:11:25.456,0000004217 Wh
15:11:26.454,0000004217 Wh
15:11:27.447,0000004217 Wh
15:11:28.790,0000004217 Wh
15:11:29.468,0000004217 Wh
15:11:30.452,0000004217 Wh
15:11:31.467,0000004217 Wh
15:11:32.462,0000004217 Wh
15:11:33.788,0000004218 Wh
15:11:34.467,0000004218 Wh
15:11:35.465,0000004218 Wh
15:11:36.476,0000004218 Wh
15:11:37.480,0000004218 Wh
15:11:38.793,0000004218 Wh
15:11:39.484,0000004218 Wh
15:11:40.493,0000004218 Wh
15:11:41.479,0000004218 Wh
15:11:42.492,0000004218 Wh
15:11:43.816,0000004218 Wh
15:11:44.491,0000004218 Wh
15:11:45.492,0000004218 Wh
15:11:46.487,0000004218 Wh
15:11:47.495,0000004218 Wh
15:11:48.821,0000004218 Wh
15:11:49.500,0000004218 Wh
15:11:50.507,0000004218 Wh
15:11:51.494,0000004218 Wh
15:11:52.824,0000004218 Wh
15:11:53.487,0000004218 Wh
15:11:54.498,0000004218 Wh
15:11:55.511,0000004218 Wh
15:11:56.504,0000004218 Wh
15:11:57.514,0000004218 Wh
15:11:58.847,0000004218 Wh
15:11:59.501,0000004218 Wh
15:12:00.509,0000004218 Wh
15:12:01.504,0000004218 Wh
15:12:02.523,0000004218 Wh
15:12:03.850,0000004218 Wh
15:12:04.514,0000004218 Wh
15:12:05.522,0000004218 Wh
15:12:06.536,0000004218 Wh
15:12:07.530,0000004218 Wh
15:12:08.847,0000004218 Wh
15:12:09.525,0000004218 Wh
15:12:10.536,0000004218 Wh
15:12:11.535,0000004218 Wh
15:12:12.528,0000004218 Wh
15:12:13.858,0000004218 Wh
15:12:14.550,0000004218 Wh
15:12:15.540,0000004218 Wh
15:12:16.539,0000004218 Wh
15:12:17.534,0000004218 Wh
15:12:18.866,0000004218 Wh
15:12:19.545,0000004218 Wh
15:12:20.538,0000004218 Wh
15:12:21.549,0000004218 Wh
15:12:22.569,0000004218 Wh
15:12:23.878,0000004218 Wh
15:12:24.557,0000004218 Wh
15:12:25.549,0000004218 Wh
15:12:26.560,0000004218 Wh
15:12:27.568,0000004218 Wh
15:12:28.896,0000004218 Wh
15:12:29.565,0000004218 Wh
15:12:30.574,0000004218 Wh
15:12:31.570,0000004218 Wh
15:12:32.581,0000004218 Wh
15:12:33.894,0000004218 Wh
15:12:34.572,0000004218 Wh
15:12:35.581,0000004218 Wh
15:12:36.576,0000004218 Wh
15:12:37.586,0000004218 Wh
15:12:38.912,0000004218 Wh
15:12:39.588,0000004218 Wh
15:12:40.587,0000004218 Wh
15:12:41.582,0000004218 Wh
15:12:42.591,0000004218 Wh
15:12:43.923,0000004218 Wh
15:12:44.587,0000004218 Wh
15:12:45.601,0000004218 Wh
15:12:46.600,0000004218 Wh
15:12:47.593,0000004218 Wh
15:12:48.925,0000004218 Wh
15:12:49.588,0000004218 Wh
15:12:50.599,0000004218 Wh
15:12:51.609,0000004218 Wh
15:12:52.598,0000004218 Wh
15:12:53.934,0000004218 Wh
15:12:54.601,0000004218 Wh
15:12:55.606,0000004218 Wh
15:12:56.611,0000004218 Wh
15:12:57.603,0000004218 Wh
15:12:58.956,0000004218 Wh
15:12:59.604,0000004218 Wh
15:13:00.615,0000004218 Wh
15:13:01.625,0000004218 Wh
15:13:02.616,0000004218 Wh
15:13:03.944,0000004218 Wh
15:13:04.637,0000004218 Wh
15:13:05.632,0000004218 Wh
15:13:06.638,0000004218 Wh
15:13:07.619,0000004218 Wh
15:13:08.944,0000004218 Wh
15:13:09.638,0000004218 Wh
15:13:10.650,0000004218 Wh
15:13:11.646,0000004218 Wh
15:13:12.634,0000004218 Wh
